site,A,C,D,E,F,G,H,I,K,L,M,N,P,Q,R,S,T,V,W,Y
1,0.070117787263,0.0339023017806,0.0493910143504,0.0446214030038,0.0226779533413,0.0639821308151,0.0707270759312,0.0360597436864,0.07570258847,0.034956335299,0.0504756430433,0.0696670484565,0.00841724403269,0.0581860089499,0.069385753103,0.0827371864828,0.0632199464185,0.0704637906119,0.00708579985993,0.0182232451005
2,0.00205774323972,0.0353620700871,0.0576545858183,0.0783536366992,0.040415415645,0.0124457071743,0.0709235503228,0.0497385937729,0.0790274088594,0.0418208742729,0.0567693614938,0.0573255409445,0.0554751116,0.0529875120793,0.0551099740569,0.0391898541844,0.0494558698234,0.0618969166623,0.0493146634468,0.0546756098169
3,0.0578061427174,0.042278294419,0.0501134184444,0.0593543328441,0.0480542125269,0.0687176864984,0.0630146983707,0.0431871624986,0.0610108091449,0.0494345586089,0.0586459001728,0.06199485446,0.0281589605767,0.0532156266689,0.034708230325,0.0513194538368,0.0443718525139,0.049836281214,0.0309489179614,0.0438286061972
4,0.0136678548481,0.00408802102712,0.00317023607022,0.0025956949009,0.00129784745243,0.00180240387732,0.00593111855351,0.177390579292,0.0236382337528,0.0870274998094,0.00560887919198,0.00203570996223,0.00715436829204,0.00490562523201,0.00234132113212,0.0261604025768,0.29025175139,0.339643839698,0.000518132897985,0.000770480042782
5,0.0661017688632,0.00427459436812,0.000272686652919,0.00278793697816,0.0274951639857,0.00392268354106,0.0256341143453,0.105117447157,0.10969202355,0.0986321314177,0.0913721904341,0.00746527992771,0.000900014963959,0.0677802521658,0.0853004686488,0.00832557445884,0.055900509241,0.115933370781,0.0521990961691,0.0708926923509
6,0.0562566709113,0.0480572172541,0.0561970874047,0.0700209260958,0.0428673622968,0.0545666711581,0.0485900575499,0.0475768851487,0.0604243018812,0.0510664649921,0.0576748362886,0.0485392495368,0.000235105901909,0.0506931576967,0.0561460279387,0.0520027981257,0.0552678854058,0.0481947668275,0.0527861964177,0.0428363311678
7,0.12269717593,0.00576493461377,0.000476799103185,0.00408807895427,0.000487052847636,0.00103507803305,0.028195727969,0.0808120299023,0.115449343822,0.0662488068329,0.0818681719144,0.00187431371408,0.000633017442356,0.0894753808982,0.126079573744,0.0587243496549,0.100837334199,0.112479424046,0.000563849561294,0.00220955681845
8,0.0496972079515,0.219507528149,0.000196198565731,0.0005455829343,0.000254214271028,0.000272866430833,0.000127107135416,0.231165510314,0.000588595697574,0.223196407594,0.011428798933,0.000331235407205,0.00046457935558,0.000504809833534,0.000250676497622,0.000882985142965,0.00335867556134,0.256394166133,0.000386779994808,0.00044607409724
9,0.0788490361208,0.0142928900786,0.000929678969367,0.0585229005436,0.0228783915665,0.0396423330361,0.073497654987,0.0644313563368,0.066632545377,0.057738191915,0.0624766126135,0.0400392897245,0.000197742730033,0.0947017156099,0.0809420686854,0.046693731074,0.0509892820216,0.0613695571994,0.0466234938886,0.0385515275224
10,0.0603923564224,0.0485282404105,0.0616082591884,0.0584660681523,0.036725991425,0.0456359954838,0.0526114975034,0.0511902433926,0.0545524421568,0.0475245382,0.058000970371,0.0488126347909,0.000246550657181,0.0709088861552,0.0608727481088,0.0523882699222,0.0619080176133,0.0540341108605,0.0328953003054,0.04269687888
11,0.171995534523,0.0897283349015,0.000854598634541,0.000718739364956,0.0376868060452,0.00642140647426,0.00119619495817,0.0682329541629,0.00031998670368,0.0401490275393,0.195421158061,0.00126427736198,0.000323308364449,0.013745023686,0.000400898672875,0.103293419432,0.0819507988839,0.153423210543,0.0250501807905,0.00782414089624
12,0.0204348729224,0.00221303241551,0.0069046611361,0.690777695699,0.0020441431003,0.00661913003949,0.00194680295298,0.000811676466458,0.000928045850656,0.00180086795543,0.00723702835685,0.00241234278961,0.00063229497637,0.238241450921,0.000811676466458,0.00479934741014,0.00374800664612,0.0062792032423,0.000705517145286,0.000652203507871
13,0.0525048972593,0.0430634035843,0.0499791188394,0.057740564042,0.0459154873171,0.0567609163357,0.0494880306911,0.0432969864786,0.0582980890124,0.0506788618612,0.0621174183777,0.0626761984521,0.000715178577328,0.0536705998235,0.0550527368456,0.052233207078,0.053633484815,0.0551264699351,0.0591743964452,0.0378739542296
14,0.0531888351032,0.0485780127887,0.0466222752317,0.05452630969,0.055612859972,0.05066506835,0.0514887195724,0.0559077142624,0.0493766445826,0.0558039544918,0.0582697968356,0.0497095025226,0.000469940453744,0.052839712368,0.0562396436066,0.0546066650318,0.0522803315212,0.0515969274878,0.0523537158912,0.0498633702366
15,0.0111734740075,0.00234451954757,0.00548617573613,0.00658186220791,0.0751615317237,0.0201832552242,0.0183333741658,0.104087679364,0.00308790379362,0.205563034488,0.187235774307,0.00735459244092,0.00784499675073,0.00518262215247,0.0024643125175,0.0453228735444,0.0926371138685,0.00998934229772,0.0711127751322,0.11885278673
16,0.061381519831,0.0161333821319,0.0725820512246,0.0708101713856,0.0273349740875,0.0729902801465,0.0729463119484,0.0254015530707,0.0690040727761,0.055965283816,0.0536383776322,0.0656767564817,0.000382991946281,0.0752758459015,0.0678501392855,0.0695723841895,0.0465348754143,0.0490204613827,0.00436972054437,0.0231288468035
17,0.242114621185,0.00779378469364,0.00254263704444,0.00197551609834,0.00244292578819,0.273937633135,0.000994486071898,0.00320445512455,0.000529716051383,0.00237626144203,0.0440358433441,0.00485727934885,0.00106935187945,0.103213614483,0.000894074023564,0.19223033291,0.102698268416,0.00711486634383,0.00368408969353,0.00229024292432
18,0.0596987867036,0.0023370588133,0.00244148870116,0.00180305343991,0.0139716427959,0.00142085138116,0.113761125411,0.0437017308304,0.10359361579,0.0547468177022,0.073564580333,0.0657501817672,0.0894881862299,0.0538874838589,0.105548607677,0.0651570712253,0.0629890829816,0.052019315449,0.000832178510579,0.033287140398
19,0.00383939940584,0.0042306483979,0.000325434492376,0.00124142578414,0.17594796628,0.000534101791068,0.000887222069635,0.147711100005,0.000562114122166,0.179977285104,0.193102353688,0.000434499025099,0.000355499202124,0.000795864549788,0.00019478752721,0.00196054437846,0.00621512779991,0.224065715769,0.0550871840113,0.00253172659842
20,0.122924686365,0.00353300625138,0.00296681935006,0.00304739963283,0.000926574211874,0.822797900564,0.00115995944603,0.000976421558968,0.000693369017733,0.0002671421752,0.0011959271817,0.00198211485736,0.00142407329008,0.00107508436486,0.00134006172774,0.0264761700557,0.000681876712882,0.00377430229273,0.00193650133574,0.000820609608653
21,0.000943717408358,0.000519087904576,0.00132333998004,0.000396831679782,0.263480057393,0.000487316144306,0.00160592820376,0.011253219533,0.000242977317099,0.195927450544,0.191125957598,0.00047146516141,0.000593338450843,0.000253151244288,0.000494428888024,0.00077219688322,0.000609192071382,0.00927582059662,0.00138330289351,0.318841220106
22,0.0998894588796,0.101007091896,0.000240090327199,0.00051661227076,0.159478208174,0.000593961543937,0.000912870913415,0.096940666982,0.000157331918866,0.163371456712,0.0641826619732,0.000304662297951,0.000174927767479,0.00302863943926,0.000929902087147,0.00418344441062,0.0532717373287,0.150222752941,9.84256554254e-05,0.100495096482
23,0.0837467221229,0.00154475889841,0.0122173398718,0.108160300103,0.0171013583934,0.00157062613074,0.0259817338462,0.0300951436472,0.0711323016616,0.0828110006709,0.103705637037,0.0967876747963,0.00038773294033,0.102940900873,0.00145939122161,0.106974212383,0.0797966280047,0.0559462713738,0.000748635414255,0.0168916306097
24,0.0746158128109,0.00845849911567,0.000972384571093,0.00462045822747,0.00806666666626,0.000595286015559,0.00060629526739,0.221707933113,0.00159363026975,0.181734240882,0.183084605354,0.00101316891381,0.000421124475648,0.0530106898894,0.00143091354012,0.00501244392621,0.0459487662933,0.198189655262,0.000229712471384,0.0086877129349
25,0.0536669015047,0.00905693432893,0.414509456359,0.315844880407,0.00157866367406,0.00879437381212,0.0150334181265,0.00315732735056,0.00148394385498,0.0033074528651,0.00467910223937,0.0370985963171,0.000674860772495,0.0209899953186,0.00197420468282,0.100917725027,0.00293124711571,0.00245279975834,0.000817599918918,0.00103051656619
26,0.0630643673761,0.0029266398077,0.00156087456434,0.000704050142145,0.0964904274919,0.00329774110438,0.00395561740826,0.141018309946,0.00108551731066,0.130176703476,0.133454775027,0.00220678081914,0.00203193747229,0.00153085774416,0.00420339204038,0.00588211350275,0.0450170413493,0.128551427168,0.125348267145,0.107493159105
27,0.0511429125404,0.00772089533297,0.0533441459096,0.052365853458,0.0444523981995,0.0497265878859,0.05503511877,0.048197080174,0.0550739153924,0.0516294139135,0.0613914922641,0.0548923928811,0.0510191056228,0.0546281695992,0.0534196959801,0.0543416925545,0.0541737613284,0.0505871071839,0.0493178966365,0.047540364373
28,0.0410969501022,0.00272460722603,0.156382173195,0.111380630267,0.00243963554938,0.0663170179276,0.0500087286827,0.00641837004173,0.0470578589978,0.00557238836932,0.00934924352185,0.132872640049,0.000361248298397,0.0705058802606,0.0193571083097,0.13162532002,0.133271071387,0.00465133998613,0.00234083410917,0.00626695369902
29,0.0597138225611,0.00197334376717,0.0568994781479,0.0277846802541,0.0134731746749,0.522428191263,0.0191429883611,0.00137276088265,0.00800250006406,0.0097760911976,0.0130648966713,0.166677071866,0.0064411814316,0.0209290140383,0.0112397573693,0.017110586625,0.0131335148142,0.00535694349291,0.00845507591445,0.0170249266035
30,0.0597249727328,0.00465187571563,0.0615936124565,0.0558093174545,0.0454084662552,0.0528150502279,0.05967649287,0.0544178709186,0.0566544937487,0.0585575160545,0.0681858177188,0.059940403913,0.000954005426752,0.0601673950564,0.0635376817692,0.0577918775547,0.0530123841205,0.061231505158,0.0204235363727,0.0454457244758
31,0.0715834159908,0.0122357816488,0.0028186317864,0.0601808991653,0.0955157531019,0.00119148866813,0.0136341123451,0.11333802025,0.00621657877455,0.0973128576958,0.111735098007,0.00290618488886,0.0193001847489,0.030162111861,0.0184970793771,0.00909159318166,0.105931376649,0.137730882837,0.0662886330226,0.024329316001
32,0.00527500551578,0.00565179161914,0.000952792456542,0.0137844445936,0.0906296185476,0.00346993717781,0.043119540491,0.130893045348,0.035171398567,0.139756321805,0.135048941969,0.0156994211559,0.0005546739732,0.0194090795077,0.0693167766533,0.00419087001716,0.0361850035932,0.126533640727,0.00938410684907,0.114973589434
33,0.0862819712772,0.00387138956245,0.102671104216,0.118424179889,0.000566483497617,0.100957839906,0.0149393485131,0.00150616171751,0.0855305783767,0.0112278691274,0.00737696581331,0.0989219914612,0.000359054031033,0.0885933650477,0.0699370176896,0.0942779352974,0.0977693869111,0.012975617771,0.00168335721146,0.00212838268342
34,0.0757868663272,0.0045019145659,0.0184096776864,0.0745165974389,0.0538404535874,0.0689249644874,0.0578223318721,0.00621267292285,0.0664569867693,0.0297997143444,0.0643358764899,0.0494450898045,0.000252781043324,0.0745797989063,0.0638288148985,0.0844001248407,0.0658192495067,0.0639141742004,0.0349807149898,0.042171195318
35,0.0813144533484,0.00629995764566,0.000179604055422,0.00116724567314,0.10317724747,0.000799643130538,0.0886269040699,0.0103857997278,0.00327029051472,0.052998246982,0.0701453616588,0.115895447229,0.000142305131751,0.0554241240095,0.0555246075626,0.083297085629,0.00768479085927,0.0638414415247,0.11266893514,0.0871565086377
36,0.00602186293803,0.011866801489,0.000430416422491,0.000775055906808,0.00139609429512,0.00124553510482,0.171974981115,0.00184568398317,0.192900342804,0.00153734618842,0.0012099483884,0.281177558406,0.00157118714227,0.00921865438948,0.305009403145,0.00638058720177,0.00106760151751,0.00100456969462,0.00198794765365,0.00137842221416
37,0.0710326064511,0.00272385991062,0.0723481204319,0.0570460416726,0.010008553335,0.063917589738,0.0681813972205,0.0599325372309,0.0532814367066,0.0457541877388,0.0688519863288,0.0382794831105,0.0601998740803,0.0683441214083,0.0608481882742,0.0692942058454,0.0552697957757,0.0522886770398,0.00544032806935,0.0169570096316
38,0.0508427553194,0.0111626282394,0.0585315895173,0.0574824383519,0.0586779516889,0.0560810174506,0.0615138963066,0.0361430055331,0.058853334931,0.0495692052918,0.0558658697163,0.0505534710727,0.000106746943392,0.0684860444256,0.0530902543765,0.055601183034,0.0563109326265,0.0468518077148,0.0506641776945,0.0636116897655
39,0.0414583485384,0.00509004991613,0.154604775801,0.222216012027,0.0120650025855,0.0101913299493,0.063939050594,0.00868274491447,0.00360841346972,0.00742908655579,0.0990471111663,0.0174827632855,0.000448103633355,0.102754932741,0.0043663515901,0.0474444630956,0.119821879985,0.0504865275792,0.00481050876524,0.0240525438076
40,0.0146678308356,0.00615336466891,0.00122819173805,0.00532037643958,0.00909228510996,0.00133716254019,0.0889360827194,0.0686579315888,0.167871480111,0.115899666581,0.0168649684312,0.00909228510996,0.0366698711199,0.0718492166622,0.234976114737,0.0223911051067,0.0797932654754,0.0190369719761,0.00278281317351,0.0273790158756
41,0.00145323667278,0.000697882017433,0.00301280773628,0.0019933453109,0.919387857919,0.00155036230969,0.0029945482966,0.00143842931007,0.00151101060645,0.00142351042444,0.0245932359716,0.00131760124903,0.00164865021233,0.00201468081042,0.000954783514671,0.000283721199232,0.00270952078486,0.00549416745302,0.00256592258778,0.0229547256139
42,0.0350923882209,0.00249047453379,0.00187975307195,0.00138554569163,0.00359903941804,0.00273721210684,0.00689893789244,0.00903432342858,0.00307417950047,0.00461782867517,0.00769881475955,0.00783507697002,0.868945551526,0.00404275660412,0.000817510339706,0.0245204584765,0.00497903919707,0.00663767477032,0.000875730660566,0.00283770415598
43,0.00886086476937,0.00743059391522,0.000200483360613,0.000801120120899,0.105259359155,0.00441432461499,0.00387373179817,0.188773772779,0.000863283540366,0.225873070464,0.23678099357,0.000246845137467,0.000331196830188,0.00410593892079,0.000379533665278,0.00159980646171,0.00889903956405,0.198743336556,0.00012598156951,0.00243672320767
44,0.121292710334,0.0927052028744,0.00173822255364,0.000623857353644,0.00166920725498,0.119084322074,0.00778003026874,0.00810174408351,0.000503832624328,0.0602844226028,0.130272563914,0.127901304105,0.000323982236914,0.028214626962,0.000221915506359,0.0991963096564,0.113211629561,0.086240404856,0.000407048091322,0.000226663087716
45,0.000653854653198,0.0067961256352,0.00126707426946,0.000828336643318,0.00293166204058,0.00368565564175,0.00148770909405,0.0188365056749,0.00219874652845,0.00114278800369,0.00262306603373,0.00622978183068,0.00152354090092,0.00372622464383,0.00195739368913,0.936225372649,0.00215129156683,0.00260025676398,0.000967733100021,0.00216688063689
46,0.0027900056538,0.0211725429409,0.00103199501712,0.00206399003108,0.000919256065938,0.00176803456154,0.0207362954645,0.0135529256972,0.0017137045166,0.00344669303344,0.00724446833256,0.00115148917706,0.00978651338336,0.00592067243805,0.000456431731556,0.0279230621108,0.870799438536,0.00461289338723,0.00118688757752,0.00172270034364
47,0.149002571369,0.0292702424777,0.000299658430275,0.000295698186607,0.18256291779,0.0105411318647,0.0922947966309,0.0071071928865,0.00109440470176,0.0053427888774,0.208109771411,0.00209760901186,0.000774204018496,0.00388317701353,0.000337983325048,0.0950568656868,0.00512076097169,0.177189955956,0.028291718236,0.00132655115533
48,0.000212740361233,0.00134506809185,0.00113076910812,0.00169328368665,0.00220911845278,0.000997240319859,0.00264743561114,0.00182282451752,0.970654055332,0.00196684485172,0.00203400540823,0.00130814465286,0.00108157866614,0.00101391151026,0.00172391155771,0.000362583572185,0.00283172229619,0.00210458603514,0.00115825307892,0.00170192288989
49,0.0789445032107,0.00988643378776,0.000513883081983,0.0137280194909,0.00110455329137,0.000906567325396,0.000667334280933,0.127127180514,0.0240240341265,0.00664494560377,0.00686400974015,0.00126442284862,0.260832370356,0.0016016022753,0.000224000318122,0.0118344995673,0.164984330635,0.280138913614,0.0073920105001,0.00131638543096
50,0.138716680634,0.0419675210542,0.000325049647179,0.000642360017077,0.0709807818836,0.0063950508334,0.00491619533063,0.1295590742,0.000194094393585,0.148468432711,0.115646038112,0.00142746670388,0.119665454593,0.0047331790653,0.00111922116423,0.024472399235,0.038190708294,0.147125318823,0.000685184017269,0.00476978928876
51,0.0333692996301,0.00734074970918,0.00110070327479,0.0010548406376,0.000403981520627,0.00163037980258,0.000342110477074,0.0524406488488,0.000767156827638,0.407862811474,0.208671687711,0.00117749652625,0.000779292270359,0.000531108572818,0.000502970370086,0.00198204930906,0.012493696898,0.265383354636,0.00162892280535,0.000536738698285
52,0.234551527687,0.332696176629,0.00305390542141,0.00452831117541,0.00103086899551,0.0737777264778,0.000225048865502,0.0834247774841,0.000640970120583,0.00433596648801,0.00556790004163,0.000372830953837,0.000575553787183,0.00093207738315,0.000380008898966,0.00742433932698,0.0470778068713,0.196314056878,0.00113169597937,0.00195845053498
53,0.315029507774,0.0150413024673,0.000943973658732,0.000340718508254,0.00607627099426,0.321357204375,0.000330578076705,0.00534492552994,0.000298586649578,0.00651376250049,0.00790632565537,0.000426388613573,0.000399547603066,0.000309398980003,0.00012767153314,0.287087272745,0.0145522025716,0.00615310941239,0.00585743028889,0.00590382206219
54,0.0776518557449,0.0771716096838,0.0122086243231,0.0101823377853,0.0609572137707,0.0100151468368,0.0681836795084,0.0398785182537,0.0594704852406,0.0648373342949,0.0882103432577,0.0583638819117,0.000510742535425,0.0613609767411,0.0382255343499,0.0656877537548,0.0516580911291,0.0679062905088,0.00207420479107,0.0854453755781
55,0.010527595104,0.00825055907863,0.000911607396877,0.000706397073628,0.00333441071161,0.000206292950518,0.00188644767888,0.363582305689,0.00146347734702,0.161671740736,0.115952170996,0.00092190804624,0.000322087784761,0.00202286434892,0.000907803750037,0.000807144555136,0.0422230297663,0.283711669543,0.000240320654129,0.000350166789554
56,0.00385061718347,0.00392661620479,0.00149211415914,0.000750749263027,0.00970896198311,0.00129467606017,0.00153826202067,0.00752326466808,0.00210156923686,0.504943822676,0.43508375448,0.00222703605688,0.00114686116403,0.00198948554731,0.000452841929863,0.00290577246136,0.00457352999334,0.0113301420173,0.00217826884291,0.00098165405194
57,0.0549132649641,0.0104531822712,0.0412293768867,0.0564803689752,0.0512339510745,0.0525496986906,0.0689010676,0.0323437353093,0.0555648786499,0.0559871364273,0.0490224136504,0.0669194853329,0.000764647699421,0.0677133917733,0.0575980325887,0.0532163766321,0.0532964265551,0.0505510313096,0.0678310131987,0.0534305204111
58,0.0959574943965,0.00300162991716,0.00269152000636,0.00469985331222,0.0392896274078,0.00609944863452,0.0960388168927,0.0100491249056,0.126863760119,0.101531702209,0.107276297332,0.0790541403302,0.000254633427738,0.090520750776,0.14705810229,0.0406786546587,0.00541642718722,0.00561876230687,0.00384824348966,0.0340510104004
59,0.153269260919,0.156830737663,0.00370893271051,0.0039478929886,0.00603239212314,0.00498344111781,0.0860602527431,0.171799188539,0.00445548447983,0.00419027090274,0.00749764918965,0.00719416107307,0.000491963695542,0.00688898576245,0.00745669832431,0.0677995179684,0.0858051822703,0.191326111134,0.00971343253673,0.0205484438595
60,0.0114643129671,0.00262392435401,0.389117635696,0.3141424008,0.00117976715316,0.00835395609507,0.00449559735954,0.0034572441662,0.00495191739544,0.00154240050042,0.00359279925884,0.00886015714091,0.000737932788029,0.214746891206,0.00344332139026,0.0136505058511,0.00789776606226,0.00454292802766,0.000741811542239,0.000456730245648
61,0.0604069980307,0.0283933549519,0.053684197903,0.0451299399543,0.0368541846701,0.0566723519616,0.0621078124235,0.0555814633477,0.0640320646864,0.0556401614734,0.056014241269,0.060903412538,0.000377218846487,0.063548669266,0.0586077587598,0.058687486227,0.0551501782797,0.0545694736342,0.0320208734845,0.0416181582929
62,0.0759167894262,0.00571799869879,0.0809502484831,0.0759728096986,0.0272742986835,0.0989229313522,0.0867053321352,0.00224990496035,0.0857744678194,0.041773165267,0.0682482384305,0.0773910398817,0.00017544963465,0.087532371963,0.0784633147262,0.0665445669546,0.00716156299083,0.00244281935412,0.00259404324685,0.028188646293
63,0.0451134297713,0.0409569115105,0.0591498253737,0.0437019677104,0.085326899054,0.0493650366532,0.0506875684232,0.0444598052306,0.0478672424027,0.0400811881238,0.0475600499221,0.0550656151025,0.00500386195277,0.0440546489398,0.0499557042498,0.0538562454763,0.0653842167805,0.0519757760871,0.0525375229602,0.0678964842757
64,0.015615632028,0.00403550041756,0.158044796126,0.163285851218,0.0818085611934,0.00232917987821,0.00244710376145,0.124492461088,0.000719470226737,0.147334470479,0.1275068558,0.00404888071942,0.000591371355479,0.0185181910173,0.000985258421261,0.00491518427488,0.0298082948614,0.106726994252,0.0035045849821,0.00328135789856
65,0.0523017370498,0.0338845869448,0.061216177968,0.0631137804775,0.0474302861659,0.0423585514462,0.053144875126,0.0492247936135,0.0633895333882,0.0510688170369,0.0487851514914,0.05083094818,0.000745325520297,0.0506421587067,0.056938909329,0.055214273343,0.0534527957279,0.0532224303051,0.056850402513,0.0561844656668
66,0.0125884258703,0.00445545409867,0.00506454881893,0.00803788002991,0.0632439066263,0.0070160263398,0.0147439782247,0.187524137138,0.00281363823341,0.312776826439,0.287458043799,0.00469321400312,0.0202313986999,0.0094722745368,0.00664345047486,0.00850521124685,0.0089320366171,0.0130454745177,0.0110085019784,0.0117455723078
67,0.0566543093339,0.00777580395389,0.0574078464592,0.0650122604405,0.0490661728554,0.0577466044575,0.0608453059868,0.0461263935931,0.0498067689797,0.0473648364991,0.0541398079022,0.0611294217296,0.0190158523001,0.0629116509843,0.0465613825624,0.0540570403884,0.0574480671664,0.0465642434832,0.0535487283023,0.046817502622
68,0.0221301851896,0.00528492670026,0.00968903228884,0.00780431641975,0.00280647831709,0.00460479199419,0.198382935916,0.00511873404243,0.229365819049,0.00598649840599,0.00827673267082,0.10701830575,0.00105857161196,0.0175184655397,0.263516429975,0.0111756479968,0.0874322208977,0.00358536877757,0.00493259825786,0.00431194019979
69,0.0277945436426,0.00355853299317,0.00204081498633,0.037156907283,0.0482142540319,0.00157514663508,0.0554058480669,0.0792756018413,0.0920300147793,0.071264321032,0.0799227273632,0.0503105259818,0.0138225165236,0.0675647751443,0.0756622879493,0.0395836570958,0.0786414049661,0.0758124974793,0.0398300322241,0.0605335899808
70,0.00502539063571,0.00181731633034,0.00190489783917,0.00285470106566,0.00988165754708,0.00100157976798,0.00173743429265,0.269366664876,0.00136298724653,0.253056948143,0.162531893961,0.00159703556295,0.000690421487503,0.00362076001959,0.0011436276374,0.00203352438288,0.00457332911597,0.260867829751,0.000558680285178,0.014373320052
71,0.0490645704806,0.00775185356773,0.0346626339051,0.0545176339498,0.0510207466993,0.0357587449221,0.0675701978098,0.0540288019294,0.0610528156022,0.0613203563942,0.0531539814262,0.0497555546972,0.02288064249,0.0564496972817,0.061845979238,0.0542067140095,0.0578771975719,0.0520623717975,0.0589285263041,0.0560909799237
72,0.00148020453403,0.000752862650207,0.00191238103941,0.00106502521287,0.234866418461,0.00184504367983,0.00430510191668,0.160728166732,0.000977597769857,0.0565585273799,0.00893168872378,0.00110082437957,0.00354048922629,0.00161726051007,0.00023392518099,0.000597255781097,0.000607879819957,0.0358254476021,0.241399016939,0.24165488246
73,0.0546859212669,0.0203902347537,0.0585684721408,0.0626003255665,0.0496226803545,0.058711207007,0.0585357224576,0.0520004198173,0.0546741710141,0.0531368307156,0.0608567115101,0.0545218780267,0.0022926851017,0.0600233797726,0.0540169497778,0.0572282812525,0.0559563546242,0.0558762684069,0.0300733874021,0.0462281190314
74,0.0538024262024,0.00163246728423,0.0597856045911,0.0550808667241,0.0539892722558,0.0533110831577,0.0548278153488,0.048796755588,0.0590891163655,0.0529559435411,0.0457333972346,0.046417785947,0.0522632096327,0.0523022971136,0.0550567991958,0.0545999594886,0.0498384841266,0.0557068728241,0.0473177660275,0.0474920773509
75,0.0521988286565,0.00139282482085,0.0555956874249,0.0498631561828,0.0528093157688,0.0480762707735,0.0554883364172,0.0517097635051,0.0533050755881,0.0549467522439,0.0493243292992,0.0509870897018,0.0475439829525,0.0519808163246,0.0538521156176,0.0525596521757,0.0520446994058,0.0567436849439,0.0539221113038,0.0556555068936
76,0.0871023592761,0.00192611693885,0.126905914659,0.106513328781,0.00716921689493,0.00304156119399,0.0907561870588,0.030034028364,0.0424385207483,0.0411459088415,0.0916352115013,0.0709556787142,0.00147342633401,0.086053492424,0.0132363479328,0.0792158636709,0.0498101181146,0.0600446437656,0.00267263868057,0.00786943610599
77,0.00291874343312,0.00539352474768,0.000603908176635,0.000856662076917,0.0512405021113,0.00123627923801,0.00399539250696,0.214821792857,0.0038488310612,0.223822355429,0.226196130262,0.00138214036243,0.000474072189223,0.00611926874368,0.00266731381163,0.0038488310612,0.00404104514083,0.211188414531,0.0291451337574,0.00619965850248
78,0.0391929189358,0.0483581567033,0.0852955027254,0.0264242784554,0.0030867666062,0.0105961211772,0.011184046324,0.113681306002,0.0774445105278,0.0994136421962,0.0782527547833,0.0268072390573,0.000346646956277,0.0795601956126,0.0418659955784,0.0267037526283,0.0973292496508,0.130922232472,0.00131838880395,0.00221629480384
79,0.0680342447868,0.00169325234708,0.0591283719555,0.0554475018744,0.0465096578126,0.0338825866205,0.0531829687076,0.0494225327958,0.0496687355795,0.0542751458615,0.0545547872244,0.0534669329628,0.0596955284722,0.0592834517471,0.0454907183902,0.0610029168506,0.0617825450146,0.0599866914595,0.0136928861518,0.0597985433855
80,0.00696401920507,0.00582144855818,0.00366259934266,0.00201890462122,0.179370449355,0.0102800273506,0.0668073892086,0.00311020441214,0.000577450138871,0.00436868527854,0.0117866365824,0.0192188159665,0.0340775047595,0.00344249121092,0.00322955360983,0.011046474952,0.00830285449528,0.00835377867965,0.302386533335,0.315174178939
81,0.234718695733,0.00934578879611,0.0018409136047,0.00171259956846,0.0038588381302,0.014717888391,0.00891820368847,0.00955521822935,0.00110657858233,0.00127734688209,0.00184332950345,0.0668865276032,0.00217713833168,0.000300838954874,0.00353860260797,0.616094605652,0.0129230410616,0.00261567426361,0.00128765507913,0.00528051533585
82,0.0114006997653,0.0009874409704,0.0107811164941,0.018454279578,0.00921611571052,0.0150817511209,0.0194795172942,0.0291616442627,0.0153785662812,0.0235852703501,0.0181931341046,0.0106172143844,0.70718449104,0.0172045372055,0.0147274956721,0.0141452729721,0.013533138354,0.0304552859683,0.00517571715502,0.0152373113161
83,0.0770719999847,0.0522392854538,0.0221063363661,0.116244175613,0.0135184685772,0.00371981361687,0.0155397465719,0.123628106866,0.010488196294,0.10487640787,0.097889832162,0.00449861361066,0.000491634201578,0.0732442199079,0.00793701340661,0.0365680407198,0.0730169156784,0.102216454506,0.0332401496911,0.0314645889022
84,0.203091173962,0.177867638882,0.000419210000094,0.000476375000272,0.000209007834699,0.00227072083073,0.000449153571139,0.0046826648896,0.000364983830704,0.0792094256152,0.00553673584503,0.000722775861504,0.000805601930058,0.000390222074176,9.65286183526e-05,0.196539203202,0.226019849305,0.0998968509173,0.000364983830704,0.000586893999215
85,0.0662279642708,0.00506849870439,0.0566128002249,0.0600106175282,0.0407035694495,0.0571607022662,0.0549733343974,0.0558833659876,0.0559160272442,0.0503477978513,0.0569820898011,0.0594235986491,0.00626372652064,0.0584068633583,0.0579262939543,0.067531428705,0.0587920686946,0.0600757175576,0.0244554272627,0.0472381075721
86,0.0575212270026,0.0140122113262,0.0477250846682,0.0503857466414,0.0406840034567,0.0551206678035,0.0543175318314,0.0486811711267,0.058861059554,0.0585330836832,0.0602414284773,0.0676835397421,0.0113524709837,0.0632199371193,0.0545488246689,0.0551250628385,0.0562934630781,0.0509202747774,0.0443622054237,0.0504110057971
87,0.0679740165641,0.0215397539497,0.00131528669818,0.0105222935857,0.0992695330469,0.0591135848173,0.0944873526345,0.0026305733984,0.0783729454627,0.0438756085375,0.0722530826798,0.088465209028,0.000617998635235,0.0619129429346,0.0879793957765,0.0607753164735,0.00269802399649,0.00241495262807,0.0371926615434,0.106589467609
88,0.0651233502829,0.0578177317465,0.00490056482919,0.0133413104369,0.0649041570461,0.00443471772626,0.0691142390548,0.0851876146776,0.0430024564615,0.0815534195519,0.0751775869843,0.00224383597042,0.0109078294734,0.063332593771,0.0216406654814,0.048035472481,0.066859757922,0.0818990037394,0.0630904583885,0.077433233975
89,0.0542964289127,0.0294129282748,0.04919884801,0.0518377344859,0.047267239228,0.0530538532646,0.0525047029654,0.0573059137618,0.0561411902516,0.0510885414384,0.0505026836835,0.0471272491998,0.0502722588915,0.0448536670439,0.0467145529294,0.0486151482988,0.0497625214611,0.0483324739889,0.0529099081841,0.0588021557258
90,0.0543666231797,0.0370023650956,0.0661902334664,0.0637914077002,0.0357771940017,0.0552818717308,0.0544238120244,0.0492216209832,0.0612647410124,0.0405552974392,0.0416624558972,0.0578756123306,0.015006656231,0.0591991679801,0.0541165143574,0.0614216327465,0.0649010770272,0.0423523860777,0.0310451517428,0.0545441789756
91,0.0141862499275,0.00941255677482,0.00870899194363,0.00661594691398,0.0277312637758,0.836094440776,0.0153805591345,0.00223829232121,0.00748428994276,0.00324043057879,0.00162923318643,0.0114046323046,0.00468766914663,0.00369879966652,0.00371890183526,0.0154514372959,0.00687745562347,0.001551818217,0.0118270260887,0.00806000454685
92,0.0126046167052,0.00785860640242,0.0027490222549,0.00122115065774,0.00368265245368,0.000648440465255,0.00214484153757,0.143195437842,0.00426624218482,0.326586032439,0.395708573355,0.00155625711765,0.00124848985217,0.0678701019748,0.00700996990902,0.00573591909142,0.00392591795839,0.0101783482883,0.000308952243832,0.00150042726635
93,0.018745957839,0.00727945649624,0.0559434506934,0.211991457583,0.00292302500089,0.00128707391304,0.000863621023346,0.00604534716323,0.00733159124495,0.0455740803758,0.0312327266989,0.0845234985699,0.00640531530429,0.0962419269712,0.00345822676685,0.203195728402,0.2075822667,0.00652934020863,0.0016792631,0.00116664594516
94,0.0025245766463,0.00415013221254,0.000332975724417,0.00159088401615,0.00386023326996,0.000486591542832,0.00123857752021,0.287145823853,0.000474104507597,0.234560373463,0.199595421321,0.00172505495702,0.00272968228593,0.000594106064307,0.000656786979393,0.000877325744155,0.0145370069288,0.240561793758,0.000252967422916,0.00210558178252
95,0.0582991235053,0.0558393794706,0.0531050386717,0.0579546881725,0.0514336000482,0.0576223885289,0.0522294579243,0.0254043008623,0.0523084867593,0.0508452200736,0.0498442890017,0.0620516907532,0.000764142907381,0.0632888943164,0.0550101236866,0.0591902132209,0.052471892776,0.0364409152714,0.0588634829123,0.0470326711374
96,0.0973670193211,0.00185552890566,0.197786405687,0.185307531251,0.000434932327777,0.123930717263,0.0339365564479,0.000254225847171,0.00454590286051,0.000438658383863,0.00373454551873,0.0801541952657,0.000152218086855,0.165308131579,0.00199937073144,0.0993862266433,0.00223839986127,0.0002216597266,0.000200155424788,0.000747618867824
97,0.0117832493529,0.00926470094202,0.00165051815278,0.00133311081643,0.00452660761991,0.00235988978376,0.00175498132793,0.00866522029399,0.00122910926153,0.62228633915,0.31181147034,0.000829207684489,0.00131957669586,0.00120769620935,0.000870147645058,0.0038799493852,0.00362383136986,0.0104225027446,0.000411649420305,0.000770241804703
98,0.0606565217311,0.783478601856,0.00141645313723,0.000703686654468,0.000950433922641,0.0102116388903,0.000525239799213,0.0105552998157,0.00102116388903,0.0113720524126,0.096293963239,0.000686094488583,0.000904429396385,0.00731834120143,0.000844423985269,0.00498438374047,0.00210768226718,0.00276598722943,0.00246685658433,0.000736745759138
99,0.0554353266705,0.0178693289671,0.0671198325105,0.0575133346722,0.0528845330547,0.0610734427418,0.0553485611142,0.0434081356007,0.05270611704,0.0544516988681,0.045436325707,0.0613864803033,0.000349380438119,0.0575920932963,0.0517567522108,0.0584440643269,0.0545642116807,0.0522021868834,0.0464579534072,0.0540002405068
100,0.531281738368,0.0558970788195,0.00232739431553,0.00170175068173,0.00125108943387,0.0155952407404,0.00299236411704,0.00930957725509,0.00365221877106,0.00148681139967,0.00100166337688,0.00439618926328,0.000546361841649,0.00316525626642,0.00103214878402,0.334908847138,0.0108013196164,0.0153258455755,0.00187515181785,0.00145195241781
101,0.313947523394,0.0761346219262,0.000872923037961,0.00116567161832,0.00104464560254,0.0187924650158,0.000266253684527,0.00149351676304,0.000597406704764,0.00147811968038,0.00779226137184,0.00197762219444,0.0013909352852,0.00083117454518,0.000483975052303,0.234010684219,0.291456123597,0.0451061584768,0.000529068668624,0.000628849163328
102,0.00120287543728,0.0341658652486,0.0011129079113,0.000408160388537,0.000468848959662,0.000433075026549,0.00194927507093,0.297186477017,0.00039707455118,0.212035690898,0.20273193505,0.000406098972527,0.000637793966734,0.00022843067216,0.00039096076128,0.00069746366357,0.00754292651405,0.236930881203,0.000378092146609,0.000695166540563
103,0.103843667243,0.0734639600018,0.0114852431746,0.137381100454,0.000273754441993,0.101375561536,0.00348181430986,0.0445018836415,0.00791734757096,0.0271502591222,0.0805307353632,0.00592716923883,0.000307912575859,0.0789903343033,0.00538842191608,0.109559024792,0.137892905903,0.0696272160512,0.000758293176233,0.000143395184091
104,0.0325923592577,0.0378854588698,0.0132840204594,0.0721531390195,0.0575756500233,0.00271200533047,0.0221740836126,0.062937210874,0.0396839092497,0.0839524101882,0.0812136878303,0.023585621232,8.89901961034e-05,0.0658282224115,0.0645851103286,0.0348029592338,0.0826917172186,0.0851354374315,0.0749952671995,0.0621227400333
105,0.00164742003403,0.00586296774692,0.00261028106536,0.000628175116642,0.00184149965603,0.00261125614541,0.000631124295723,0.000842818024921,0.00313843131915,0.00085897427998,0.00105023027144,0.00221587046597,0.00103169205498,0.00153195982787,0.00261936346144,0.956894699847,0.00621850632034,0.00289540407353,0.00345799292255,0.00141133307046
106,0.00247073978108,0.00412925935917,0.957988171567,0.00844621232648,0.00125786262132,0.00263376513197,0.000959523409769,0.00129597966996,0.0015839751532,0.000964676595036,0.00300372545381,0.00122192368734,0.00149899794272,0.000997904345473,0.00128928209915,0.00105042562751,0.00295432207657,0.00403344571069,0.00077356926059,0.00144623818097
107,0.00216270682418,0.0156515957217,0.0150411110121,0.00118677295734,0.00166525966759,0.00520904278554,0.000609517374179,0.00100609438361,0.00314951285003,0.00239453254243,0.00185740501416,0.921373937968,0.00156169874255,0.000749168132811,0.00172473322891,0.0173513363135,0.00171156732383,0.00191403321772,0.00130792269777,0.00237205124209
108,0.184584187754,0.129679766191,0.00424470865482,0.00355426805982,0.00802358361491,0.19150844892,0.00109780145189,0.000602317239654,0.00120625360927,0.00899759763167,0.00406254302821,0.00255684525678,0.00106718609227,0.00031161551588,0.0016677401827,0.222634409901,0.222153534239,0.00656156444758,0.00203388710946,0.00345174110066
109,0.824711872067,0.00151133751065,0.00205181582684,0.00234715295295,0.00163065362952,0.00740194310307,0.00455623807991,0.00182249523478,0.00154141388031,0.000553257481514,0.00177042394362,0.00194857981051,0.00383445779062,0.00397210499259,0.000913037887555,0.12187140346,0.00613513246986,0.00675980050826,0.00302759794271,0.00163928142734
110,0.297670742098,0.00590616552388,0.00469882781765,0.00162928704072,0.000483231724368,0.253951754816,0.00185426126522,0.000830554525924,0.00132888724253,0.000331876106322,0.000850487835252,0.000924443297794,0.000983060574571,0.000545184508966,0.000370163576947,0.204983473062,0.219385281324,0.00259717376446,0.000254942396638,0.000420201498825
111,0.00166616458053,0.00058135216207,0.0137485865811,0.00326001298535,0.00143890228402,0.00151128167363,0.00687826916568,0.00741224005325,0.00169933708791,0.000665874994126,0.00421181491276,0.931992850828,0.00110052306485,0.00310374790174,0.00326190066253,0.00544967218606,0.00558305494539,0.000966261140081,0.00165929379818,0.0038088589924
112,0.00689701933878,0.00482648373216,0.000493074620035,0.00536643714154,0.0101864734065,0.000639639920641,0.00232632264761,0.238918462188,0.00634907240375,0.266540955789,0.184270190034,0.00110667859161,0.000677558321879,0.0186467762989,0.00196219608435,0.00216801311831,0.00878371669254,0.238972598371,0.000620567434981,0.000247763864162
113,0.00526687560692,0.00284908940244,0.00102793850723,0.0007601562057,0.00218631029752,0.00111356489733,0.000345261788027,0.324695931082,0.0030406248275,0.465560202386,0.0957796818923,0.000873996024751,0.000456861557833,0.00203277727193,0.000537377753344,0.000847784334442,0.00275400855058,0.0876472612999,0.00171323084295,0.000511065471593
114,0.00673195079695,0.00222543827993,0.00032999758841,0.000504896310479,0.047294084731,0.00174025241496,0.000522126484566,0.20559087178,0.000410484804737,0.273067540766,0.206637099954,0.0024235022882,0.000730812782841,0.00471100005282,0.000551046450282,0.00714475909754,0.0389168088395,0.0775260141454,0.000936231568994,0.122005080863
115,0.0506879047572,0.0375599674763,0.0554912582617,0.0536849691072,0.0416222487631,0.049254919037,0.058185681657,0.0481170288534,0.0712239447593,0.0519852773723,0.0575462785462,0.0650078801837,0.00178459057716,0.0523671134383,0.0537538391642,0.0494445250493,0.0515354139186,0.0456000166808,0.0538144795556,0.0513326628419
116,0.067994879789,0.0553809749918,0.0557918474183,0.0858405112037,0.00385699265929,0.0570937263728,0.0397477302968,0.0686674777261,0.00729444779227,0.0734428474115,0.0639196132092,0.0600031074546,0.000428701304772,0.0803547538958,0.054535638263,0.0788528996646,0.0682722200507,0.0722124477494,0.00193543720968,0.00437374553674
117,0.00803482292741,0.00984431817981,0.000198502270274,0.00151258730178,0.135551092797,0.00179142677165,0.00140924282767,0.189740730449,0.000398049289592,0.204026088322,0.159170725267,0.00221714750924,0.000356070456346,0.00586779555986,0.00111453800998,0.00370173849404,0.00879633575887,0.200054286433,0.00229677030309,0.0639177310729
118,0.0134344239403,0.0117770908126,0.0761475396813,0.0272788185414,0.00827690647463,0.590538972255,0.0150489208801,0.0043918279259,0.0235374527872,0.00855664288465,0.0148413495497,0.124815749771,0.0021503091696,0.0197129375868,0.0129937324439,0.0207229214061,0.00969913548406,0.00426137759235,0.00180460854262,0.0100092822702
119,0.0111901078313,0.00845474813404,0.0262054055737,0.0194215746095,0.00401898239277,0.803555612019,0.00926453732931,0.00483640253959,0.00324258806264,0.00220629703599,0.00356684687582,0.0317053055225,0.00120964017,0.00679399403989,0.00337404433979,0.031118170251,0.0127387388229,0.00420866887882,0.0105684351674,0.00231990040409
120,0.041015683411,0.0242980473053,0.00096096215898,0.00658321479349,0.00482769084742,0.0140859133421,0.151451558667,0.00865891882446,0.0039499288726,0.0163876957837,0.00325723720103,0.00656899619401,0.574888162561,0.0436720341844,0.00962673070653,0.0140807649618,0.0548167454462,0.0157997155149,0.00114555376031,0.00392444546354
121,0.0502166324543,0.0415203229079,0.0468751953249,0.0506367682667,0.0462485671732,0.0521115915701,0.0612643988506,0.0582322835934,0.0579869181018,0.0487107516764,0.0438551157294,0.0625796778887,0.0456619293136,0.0536536474692,0.0503563765497,0.0524424407743,0.0550122857791,0.0459048621333,0.0333487237663,0.0433815106772
122,0.0539613170467,0.0480733583004,0.0492169642011,0.0594235289,0.0502777928226,0.0556070772791,0.0552142062314,0.0380848540888,0.0589561761884,0.042166404641,0.0559415204568,0.0525036496246,0.0304022032468,0.0535790028862,0.0519105197282,0.0569709348629,0.0468249829658,0.0475294918382,0.0445845537441,0.0487714609469
123,0.00711425313039,0.00451089536864,0.000596482033124,0.000653616327799,0.194852621313,0.000705257120531,0.000509235407275,0.190189102341,0.00101543965068,0.24018936702,0.175888153501,0.00115266122688,0.00034187146548,0.00159433515233,0.00042196361435,0.000425952212721,0.001074607001,0.167256735742,0.0064899838584,0.00501746651292
124,0.0056065777257,0.0738625575362,0.0202766887292,0.0379735227844,0.000127331234096,0.0637267360341,0.00887115471048,0.0121975446144,0.0451539707468,0.00375991126253,0.066903369238,0.109335086352,0.00104060640166,0.101587914385,0.0970809906287,0.110800369652,0.140760367259,0.0986895312719,0.00187873631996,0.000367033113068
125,0.057161232156,0.0462651069852,0.0540266576461,0.0501201931272,0.0496172169409,0.049409798728,0.0525222017743,0.0649254578285,0.0645132700209,0.0608645608418,0.0463251915527,0.0571344028693,0.00219095848147,0.0490913283567,0.0523005806835,0.0507849901769,0.0544981148467,0.0484048054333,0.0432718518742,0.046572079676
126,0.0490180608882,0.00384716558378,0.00368478286397,0.00904716364589,0.132051756059,0.00191349393905,0.0436691294154,0.120371015919,0.0057633783259,0.0829779745937,0.119728263296,0.003540641977,0.000237755866618,0.029907260527,0.00690251963868,0.00861116525861,0.0454800797904,0.063614647489,0.13190277212,0.137730972802
127,0.106364674527,0.0697395181687,0.000497710355058,0.000223969659892,0.134381795816,0.00221110472429,0.00176652125995,0.133213258467,0.000493144205526,0.15638385314,0.151249028055,0.00212181782982,0.000255878292227,0.00525170237221,0.000347914034823,0.00436488239196,0.0578248940232,0.132178815748,0.00405867671111,0.0370708402173
128,0.0526713765992,0.0406092542407,0.0462322196776,0.0574048933021,0.0438366614194,0.0552199402094,0.0550463125955,0.0552929662893,0.051511601704,0.0513523340813,0.054565843246,0.059443285867,0.000535981073319,0.0586292273803,0.0564276114307,0.0532400363183,0.0538465562241,0.0487982960037,0.0528600328954,0.0524755694429
129,0.0550812582624,0.0443497515889,0.0556887026668,0.0605101562831,0.0451971788562,0.0506540930261,0.0547899853879,0.0477516045806,0.0590178633663,0.0533189828125,0.0591641080602,0.0557249891525,0.000697451925527,0.0527170388429,0.0559971486661,0.0545149995217,0.051705949015,0.0480818870175,0.0476578269104,0.0473790240575
130,0.0757625459038,0.0779632900677,0.000175542221124,0.00501650393391,0.0600196605878,0.0247400676677,0.0377555660799,0.0926950698732,0.00705264619012,0.080882703697,0.0999027067623,0.0567791959451,0.000182899054401,0.0573439818455,0.00748558711911,0.0762282521988,0.075216842114,0.0758245808319,0.0717210321846,0.0172513257219
131,0.0229612723444,0.00563399823754,0.185051649568,0.179340484538,0.00101906944866,0.221596006662,0.0490783846193,0.000842692044192,0.0194755494871,0.00267691815295,0.00442626124184,0.165542170368,0.00337532327219,0.081090366035,0.00868040814495,0.0405252504761,0.00339251507204,0.00113633675908,0.00156499950959,0.00259034401899
132,0.000673149386721,0.0011205957434,0.934188951087,0.0217419934945,0.00270598403799,0.00190596574698,0.0017131409741,0.00333044189023,0.00167694785543,0.000837000334317,0.00165365691189,0.012057042797,0.00329207274651,0.00101115327183,0.00206071091986,0.00140074467922,0.00388778114744,0.0011847094303,0.00085197350763,0.00270598403799
133,0.0480424585406,0.0402823747139,0.0518762151814,0.0467783166135,0.0578405621276,0.0469476647904,0.0533672797039,0.0392562901589,0.0510137433649,0.0503364756777,0.050955759718,0.0555973240415,0.0451649619852,0.0516272499629,0.0490463812877,0.0515191161818,0.0567193724387,0.047075633822,0.0495699258237,0.0569828938657
134,0.0530939862722,0.0438314591127,0.0450692664157,0.0587337361885,0.0491484615663,0.0390622532381,0.0573850606784,0.0666107867487,0.0508093104734,0.0439419696912,0.0485264102171,0.0468747038806,0.000307637355331,0.0553874158473,0.0483326490818,0.0571295421056,0.0543087736656,0.0637641719415,0.0512869089699,0.06639549655
135,0.0097547460777,0.00316477508506,0.00114846517851,0.00104546381754,0.0102104422407,0.00445133043,0.000615140979598,0.00194282026092,0.00145711519773,0.00169925970469,0.00153380546878,0.00128805763102,0.00139813152384,0.00159138861198,0.00165346405416,0.454444048222,0.496175531883,0.00429748260948,0.000914268358894,0.00121426266491
136,0.00542009196874,0.0102687604741,0.000724821257416,0.00526449124476,0.0083354444535,0.00347995988567,0.192875854333,0.00685105024738,0.11444339973,0.00448336116637,0.0138496615585,0.0481603458206,0.0033496855884,0.148224069529,0.202771704453,0.0834473187227,0.127186259701,0.0106693689091,0.00543123983228,0.00476311112381
137,0.0975444249787,0.107677217388,0.000429858202117,0.0010780355556,0.0427457322318,0.00136597338942,0.00575557508488,0.158187818498,0.000727100576389,0.148913888043,0.100812494936,0.00398140509535,0.00101405718354,0.00248536197152,0.000212039671593,0.101687675758,0.090253689575,0.134400727932,0.000285972611864,0.000440951316858
138,0.01621779934,0.0102585316494,0.630531861215,0.0637870237304,0.00222133559402,0.00145203481243,0.0158279325061,0.00145417330115,0.00177427434388,0.0005728114119,0.00813777752437,0.137293348608,0.000515033538329,0.0125382053574,0.00186553018577,0.0522745238491,0.0182381735346,0.0168577700174,0.000725217533883,0.00745664194744
139,0.00472253282721,0.00737512430298,0.0199128356566,0.00248527164829,0.00158295351101,0.0204112084731,0.136393705234,0.00106745220205,0.0104199003939,0.00331974905131,0.00295004972576,0.201793317145,0.000964150377136,0.0410089329829,0.353820894791,0.147074942905,0.0421484115968,0.000971573262198,0.000605420652025,0.000971573262198
140,0.0402727687148,0.048144684713,0.0261370452637,0.0452434985157,0.0576742617309,0.0219123903036,0.0381732220853,0.0613538256655,0.0469623832031,0.0503911646503,0.0742949998172,0.0531383372717,0.0271914181786,0.0440254044055,0.0486413035261,0.0434679700315,0.0573561661267,0.0604979428022,0.0836061005265,0.0715151124682
141,0.000769905987403,0.00179991535143,0.0111614862624,0.948749227007,0.00403617381971,0.00202670660597,0.00115153085974,0.00251308935784,0.00199790604106,0.00132898406328,0.0039174628265,0.00536350615155,0.000650254203103,0.0023097179637,0.00160152788603,0.00235741125721,0.00157006368653,0.00165458057011,0.000789686182558,0.00425086391653
142,0.0212129705009,0.0254470728452,0.00935331881868,0.00633511959612,0.00187924662098,0.00614413083367,0.00517231266539,0.0819979630543,0.012996088647,0.117589535554,0.0298621236922,0.0506917706207,0.251866637378,0.0100255541035,0.008148666016,0.0223006918679,0.215641124081,0.118226583353,0.00139811222776,0.00371097752425
143,0.055208085049,0.0531690379809,0.0535891276491,0.0566011183735,0.0538955932127,0.0510113702357,0.0639582573916,0.0408637366212,0.0519775330743,0.0515351460817,0.0620810022185,0.0540182856926,0.00120377136004,0.052324946316,0.0461186870011,0.0523722992149,0.04788799029,0.0421469190837,0.0506953536971,0.0593417394564
144,0.024417679819,0.206477859182,0.000234099660397,0.000552991324073,0.00145403515785,0.000604453131216,0.000547601544869,0.185406930783,0.000248381602473,0.195306002344,0.151403250317,0.00118531473609,0.000701948007596,0.00125570698965,0.000438480112688,0.000735391603111,0.0318660374116,0.196508004581,0.000410701158282,0.000245130534212
145,0.0308645943478,0.0179875880742,0.00545586263612,0.00146185793156,0.000629522612224,0.309451919145,0.00233142967205,0.000641866192063,0.00120921493756,0.000906432875116,0.000619314136602,0.484958393574,0.00102559054742,0.00754939131949,0.00325449778594,0.0860610270081,0.029759250727,0.00766919432844,0.00360292815801,0.00456012399116
146,0.0651420573863,0.0395030097358,0.0557678194642,0.0661880106029,0.043556604828,0.0558211343746,0.0467954033282,0.0415398049332,0.0585370599215,0.0526271921908,0.0629265227531,0.0504615144947,0.000594025976353,0.0573241430109,0.0536459789435,0.0588711931495,0.0606922951005,0.0445729696618,0.0484419945863,0.0369912655577
147,0.101191974468,0.10555049564,0.0096406696619,0.00357637745918,0.0526556972572,0.0939260907127,0.0675036227561,0.0360888997631,0.00203203264639,0.0168802790214,0.0251972048058,0.0549344464891,0.0404613342553,0.0105476671153,0.0262343778896,0.102180929975,0.0290051424684,0.076033670601,0.066933115445,0.0794259715694
148,0.0509591564406,0.0467014051968,0.039585260224,0.0566195906588,0.0579308928757,0.0512328501876,0.0536313344574,0.0309235697555,0.0491601058396,0.0590748503628,0.0520884306831,0.0520124723865,0.0171308666408,0.056433247681,0.0542519706627,0.0436346425105,0.0573723836957,0.0503980358625,0.0504153940756,0.0704435398028
149,0.0586080152087,0.0490393003048,0.0534087814006,0.0628886830127,0.0440200879603,0.0382284179966,0.0463942010327,0.0426391093983,0.0561679861605,0.0561085762963,0.0500636198441,0.0416834051905,0.0649678745708,0.0541183706832,0.0456449220784,0.0473525241258,0.0510503145092,0.0550852126125,0.0403293860867,0.0422012115272
150,0.0549621099092,0.0519667097178,0.056716343516,0.0532146696262,0.0613891575081,0.0559217844589,0.060385998552,0.0295279622018,0.0599605009056,0.0539193361115,0.0504706681648,0.0587727955054,0.00186917485583,0.0562910692609,0.0471652463609,0.0532311075335,0.0489051359194,0.0319570871668,0.0559438450378,0.0574292976877
151,0.00557528190514,0.0167109429929,0.698647088716,0.185528535611,0.0018606397151,0.0144518180687,0.00323589515438,0.0029292870165,0.00284630438374,0.00332421983617,0.00246866203215,0.0085656048323,0.00118484132919,0.0122064746821,0.00269697411172,0.0193051526785,0.00931613766877,0.00334437380914,0.00217124894121,0.00363051651499
152,0.0496478621646,0.0464506571578,0.0540207870778,0.054667540017,0.0396644722783,0.0326423164352,0.0563627708779,0.057066508185,0.0487791007229,0.0513181912033,0.0571913125153,0.0419827779099,0.0565720733147,0.0532832269174,0.0412909655471,0.0524671521064,0.0506615216004,0.0505458371171,0.050789075263,0.0545958515889
153,0.0365386273076,0.0680381704096,0.00179715147902,0.00874886015449,0.0344684437643,0.00428441409738,0.06196953818,0.00104153097092,0.141648211925,0.0500774809757,0.0825800000189,0.0570296068469,0.000551262989106,0.138880210995,0.203809425427,0.0654857210248,0.00440095758139,0.00562148982135,0.00785611931412,0.0251727767176
154,0.00402947043931,0.00135112807136,0.950795805372,0.00505922399551,0.00459929454305,0.00139032110085,0.00124747988935,0.00210801000158,0.00251563624335,0.000683678919463,0.00227665079916,0.00180686571411,0.00246791414447,0.00215796284595,0.00149125598296,0.00225690289739,0.000680613094081,0.00190780793192,0.00184344194517,0.0093305360694
155,0.00891412764919,0.0182473181334,0.000591523903043,0.00256327024896,0.00145192230747,0.00138542541031,0.000926896829934,0.00696727819664,0.000984004217478,0.000955695697497,0.00323151580117,0.00224459340647,0.000819356314156,0.00464831843404,0.00157649878668,0.394623289853,0.54312471242,0.00415645632914,0.00135924641691,0.0012285496452
156,0.0106371429801,0.00188083849502,0.00160680904539,0.000670243552454,0.00539173702497,0.000977945045718,0.00303285207108,0.0165428295081,0.00205617089713,0.00287701382544,0.0123789880556,0.00391335751563,0.000951483003659,0.00173305832907,0.00241421060809,0.319409230776,0.606570414685,0.00262017457961,0.00065931566866,0.00367618433323
157,0.0484475998834,0.0629599670074,0.0395861577306,0.0528396730565,0.0374831430854,0.0487379462621,0.0590643467131,0.0461102156947,0.0492479252277,0.0308103946177,0.0611793830001,0.067277436309,0.000527189073817,0.0647030445859,0.0464715678381,0.0695709852467,0.0666260471424,0.0579918481783,0.0425605409998,0.0478045883474
158,0.0444050131897,0.0937594390585,0.000849062889636,0.00285285131318,0.000901046332675,0.0033776928101,0.00212168575919,0.00965809036229,0.00152245759613,0.00331430446871,0.00177620053033,0.000881765739175,0.712036740417,0.000906331061794,0.000361895657911,0.0053656057581,0.00685006670159,0.104963397188,0.0017460954329,0.00235025773348
159,0.0533193230507,0.050965808717,0.0238325670163,0.0474154760166,0.0646157975118,0.0572792796912,0.0571829312481,0.0514558119914,0.0578594038901,0.0586015977316,0.0505935275485,0.0489961088627,0.00153337164452,0.0560007210521,0.0530093093508,0.0558766884903,0.0517757993935,0.0534261235231,0.0481119806308,0.058148372639
160,0.0767693969381,0.033737229698,0.00493116511887,0.0579084059215,0.0499286252267,0.013830823941,0.0701980522296,0.056535418196,0.0555386659912,0.00390923102679,0.0589787255793,0.0703763022272,0.00540761415294,0.0831939598052,0.0486877565022,0.0760644252456,0.067550872997,0.0782688462549,0.0239797943355,0.0642046886123
161,0.0090800149881,0.00407159402524,0.000234336346918,0.000266989771952,0.166121036195,0.000543702995086,0.000249599633548,0.231961607841,0.000301599557074,0.0332114335772,0.294004493685,0.000484353192239,0.00044091711938,0.00117168173368,0.000646071117478,0.000928754644097,0.000578214535998,0.146979779123,0.000265358469956,0.108458461447
162,0.418567106846,0.0233720956643,0.00148888905457,0.00101823719734,0.000744444528422,0.379914170108,0.000833333426012,0.000467224599312,0.00047316389509,0.000494100350827,0.00141350226992,0.00120071697994,0.000376122796321,0.000852417398171,0.00227159197761,0.149150573377,0.00159069343707,0.0149855716761,0.000459533659036,0.00032651075808
163,0.0481473324517,0.0464970232914,0.068803343379,0.0609046108387,0.0514551009444,0.0506958871692,0.0515224504844,0.0464083702738,0.0511622765085,0.053627960958,0.0569692912584,0.0517244993244,0.00865237405829,0.0608464555378,0.0504956235545,0.0442819975468,0.0470449273861,0.0502930095284,0.0515388850962,0.0489285804101
164,0.0656423779648,0.0357554996633,0.152136145714,0.000528512665574,0.00447007097095,0.0478446993025,0.00209613497501,0.0711537324525,0.00124921175553,0.0674574346709,0.0560460958823,0.127743468637,0.000336797286978,0.00426455046892,0.00207503294553,0.147745920258,0.158424744156,0.0526879620366,0.00177689603163,0.000564712162475
165,0.0221397735296,0.0214403689306,0.000471216899202,0.000154804107945,0.131878495545,0.00124579231968,0.00115374182586,0.225589968768,0.000659703659372,0.167081122036,0.174045347781,0.00171522951448,0.000349657610312,0.000249306615612,0.000289979630488,0.00262535129548,0.0901736416841,0.131986672215,0.00173606225997,0.0250137637737
166,0.0595747238574,0.0609129667154,0.00996212415626,0.0344398196054,0.0674424185274,0.054025043466,0.0635696199431,0.00855284806086,0.0822887654814,0.060270775698,0.0739995631584,0.0374714044465,0.000396699817764,0.0661449453496,0.0609438639727,0.0577468135458,0.0434434095007,0.0425262204294,0.0588702529639,0.057417721304
167,0.0638411945756,0.0581009907049,0.0519874376839,0.0697128275069,0.032854274758,0.0517716810316,0.047984752466,0.0572655515285,0.0360581532178,0.053135405203,0.0432856599967,0.0497744906815,0.000278572654642,0.0699912296912,0.0584497027401,0.0505284278568,0.0623231929111,0.0537005566817,0.0297483385142,0.0592075595957
168,0.00445180372367,0.0143545838799,0.000684267749236,0.000251301872375,0.177758542791,0.000489280915562,0.00113023329651,0.185708094739,0.000757256309181,0.227330390736,0.226457978594,0.000788808655469,0.000370800151916,0.000336060492412,0.000382710399331,0.000751246338663,0.00494659363579,0.140004364115,0.00436878639827,0.008676895207
169,0.00646069955591,0.0338253235432,0.000529452815803,0.000205194632072,0.170815836221,0.000236284727438,0.00238253767235,0.164084333519,0.00041236228868,0.181122602733,0.18019192478,0.000348664049078,0.000207846581694,0.00180843220881,0.000352678273732,0.00234395406449,0.049226751044,0.128522596349,0.0331243856578,0.0437981392837
170,0.0526907844178,0.0512525118885,0.047462970688,0.0352192768176,0.0515485805577,0.0515090862859,0.0550433996024,0.0519220851476,0.0656216440916,0.0468810238752,0.0693481734973,0.0524891260828,0.000162896176643,0.0579353111897,0.0583780204108,0.0487743526553,0.0544963552101,0.0524543026911,0.0508697233824,0.0459403753315
171,0.068759836741,0.0561716233194,0.07606209425,0.0699673752053,0.0211669149535,0.0765814864652,0.0604493486799,0.00192291811542,0.0576058508805,0.0246773444942,0.0595268563578,0.0616456740814,0.0524295887101,0.0699010647145,0.0446622568522,0.0765712596956,0.0775763853409,0.00323111077711,0.00899215648091,0.0320988538851
172,0.0571481609885,0.0431229884881,0.0736599345252,0.0708082272383,0.00610674128767,0.0690391552005,0.0770488848586,0.0122134825848,0.059089172831,0.00754362160185,0.0329764029669,0.0521778528296,0.0752303015245,0.075049744745,0.068343952023,0.0735662572507,0.0669662652105,0.0208043220246,0.0209373987152,0.0381671331056
173,0.0486748999147,0.0565387024352,0.052391676908,0.0493459608899,0.0488171666332,0.0464674519148,0.049904164524,0.0476663254843,0.0561111469666,0.0505036873999,0.0515174994578,0.0437964136743,0.0468952780488,0.049274815429,0.051824764253,0.047650171624,0.0504451714233,0.0547106138037,0.0521792217333,0.0452848674821
174,0.0103543917792,0.0049939518459,0.00428967658548,0.00210436964876,0.0218463941742,0.00599136648033,0.014311575874,0.179476123794,0.0153836677761,0.439255836071,0.229146723806,0.00727379942741,0.00452155099593,0.00619619951425,0.0109960723926,0.00963555865289,0.00652413209021,0.0140841941237,0.00133570768089,0.0122787072884
175,0.0740272297937,0.0695937113877,0.060929844921,0.0892318708882,0.00409135626822,0.0747097267108,0.0695310277408,0.00274119167223,0.0769564631594,0.0343003229227,0.0433968390844,0.0723289418844,0.00261938683699,0.0687298228869,0.0681333662809,0.0871720621381,0.0845850804596,0.0115872348347,0.000999395456629,0.00433512467275
176,0.0509098940239,0.0522197540484,0.0434282622758,0.0509221540032,0.0650510221427,0.0478177565927,0.0490113298931,0.0606231970813,0.0534811007065,0.0491465107832,0.0646656265727,0.0381881579335,0.0500945961743,0.0416244416561,0.0454573286132,0.0519960628452,0.0513577815862,0.0475569309504,0.0475436071804,0.0389044849371
177,0.0543130122832,0.0590128793358,0.0547111551125,0.0543367031252,0.033643175888,0.0602291685813,0.0496137783497,0.044179242494,0.0699978913152,0.0414936252317,0.0377021163293,0.0560465993968,0.0534321662954,0.0525004223395,0.0589471375945,0.0520845837965,0.0554345320899,0.0536753970992,0.00652691761777,0.0521194957245
178,0.165168959096,0.048208055226,0.0012399033456,0.000199270180343,0.00236058521585,0.147824726395,0.101116457187,0.00119311453874,0.00948526059045,0.0123955109931,0.135503722725,0.126237659184,0.000832040403315,0.00681946839301,0.0109155776607,0.171054418475,0.0511803638277,0.00153731938269,0.000734153295898,0.00599343388448
179,0.0976037669588,0.0675689951418,0.000264718358009,0.0369067917527,0.00161132913326,0.0377938971894,0.00847098745005,0.0172066932451,0.114615894288,0.00352175198715,0.0242217297541,0.0114111602762,0.000469914244872,0.141642452658,0.121138795563,0.130594389748,0.120620810494,0.0616087569489,0.00138113925908,0.00134602554896
180,0.0548318203073,0.0342961432772,0.0503616212838,0.0618421757753,0.024044959053,0.0565447930389,0.0487733011116,0.0469588090342,0.0672615510375,0.0502238422002,0.0664582490396,0.055510562332,0.000152082975126,0.0824217104294,0.0609693231641,0.0549579323099,0.0595682363225,0.0576790230515,0.0311226659861,0.0360211982705
181,0.0543452792957,0.0807510483114,0.0366846867555,0.0646409480065,0.0193077298692,0.00160071785061,0.0681413626467,0.0714180603642,0.0419835859278,0.0686428595243,0.0703123162862,0.0668476514814,0.000532363527469,0.0754857977381,0.0574889407946,0.0521218764037,0.063100244647,0.0698683453205,0.00766062576935,0.0290655594796
182,0.00181241879852,0.000508128347527,0.00128334979941,0.000874247024898,0.0131916421312,0.000851925824128,0.000773979003066,0.252636575056,0.0011639684242,0.390586285544,0.317492962375,0.000910011676927,0.000608254332549,0.000595840978347,0.000711620505791,0.000422368288725,0.00134751728917,0.0105798105523,0.00294415542457,0.000704938623336
183,0.056237850401,0.0553912515651,0.000306357425431,0.0300996170453,0.0572469623683,0.0293451564431,0.0282850097083,0.08249592759,0.0593612565079,0.0640695816377,0.0801713816453,0.0215262229565,0.000154404142614,0.0628880093938,0.0596645815553,0.0578091327476,0.0623757644433,0.0656080601631,0.0601285363182,0.0668349359422
184,0.0563858666629,0.0521079668304,0.0548585546364,0.0602388030791,0.0389310759866,0.0579590332691,0.0538017845516,0.0449984680841,0.0557214841008,0.0510551941473,0.0599784371227,0.0548798420836,0.000119843594931,0.0461753445807,0.0566240397308,0.0604450362011,0.0527633467759,0.045587593286,0.0499635816166,0.0474047036595
185,0.00455960212588,0.00302951558818,0.00943669590983,0.00471612776916,0.0678332164442,0.00228505648225,0.00378410525205,0.00346896763117,0.00119198833809,0.0175014758265,0.109301868313,0.00221757830147,0.000957528557862,0.00169619695594,0.0017129039248,0.00366047821449,0.00195716965439,0.00111117556979,0.742274977467,0.0173033716743
186,0.0034404052034,0.0187040969893,0.000990871804972,0.0023072274861,0.0011370660057,0.00204179644742,0.000569700421583,0.00136671972965,0.00110535500192,0.14916637709,0.806842751668,0.00153284035961,0.00106709271213,0.00229926053913,0.000356611960369,0.000864311854929,0.000376962099714,0.00188737486838,0.0026763096981,0.00126686805969
187,0.0509185799059,0.055635973282,0.0325986169569,0.0712420477093,0.0568318497892,0.0213312194133,0.0511569600292,0.0855740256405,0.0524433396064,0.0422793597372,0.0630189433335,0.0404876160546,0.000171386008701,0.0711893036594,0.0510519813477,0.0191198074316,0.036475522093,0.0721936679966,0.0540949294704,0.0721848705344
188,0.0584580796174,0.0610163586897,0.0662923627934,0.073299553543,0.0290940971997,0.065496453494,0.0661046763757,0.00982944204573,0.071626474003,0.0587073708566,0.0755973452088,0.0490714825861,0.00119080833121,0.0679808416933,0.0688759836751,0.0558363369553,0.031329505307,0.011684946342,0.024126812294,0.054381068989
189,0.0151114211793,0.00304599805176,0.663987757856,0.0103664906,0.00425472743055,0.0484347752929,0.00632561247416,0.0109407276763,0.00788375966142,0.00191007953824,0.00505750619275,0.051056729161,0.0118661489145,0.0871566558408,0.00400992148578,0.0249623254588,0.0260931514628,0.0104979567262,0.00388475113478,0.00315350386219
190,0.0685288094735,0.0424963480257,0.00167984788165,0.0150565768458,0.0399044212132,0.0207526720966,0.0556857874068,0.0600972464763,0.0835164371868,0.0746364803407,0.0831908370374,0.060932137443,0.00100201739754,0.08212835233,0.0755889305772,0.0531862610731,0.0401809731729,0.0781900017843,0.0185176422719,0.0447282199656
191,0.0676737137749,0.0157390635595,0.00092185943768,0.00242594588649,0.00354561322161,0.00628800360765,0.00643756590517,0.021414876305,0.00702636766588,0.0456838626561,0.147676512028,0.0238083532259,0.00622125123838,0.0255059923564,0.00737985468305,0.0381677035341,0.21804632692,0.340716060185,0.00695742972271,0.00836364408636
192,0.574816795837,0.00478511379816,0.00395741844381,0.0135982935603,0.00375447390788,0.142593464693,0.00522944579202,0.00908058804123,0.00433850318384,0.000613939128671,0.00433850318384,0.0186924870954,0.00912013137786,0.00333731013609,0.00795392248952,0.159127976226,0.0216444172027,0.00943152865361,0.00101683668354,0.00256885056645
193,0.104635487694,0.00682122449357,0.0128937431576,0.0206308945298,0.00902114322204,0.184647389827,0.0316095976493,0.00744133581307,0.0634949696364,0.0422944761105,0.0906151756956,0.129045555318,0.00329754582749,0.119178027679,0.032093374344,0.0443634701646,0.0476496099396,0.0049259546907,0.0370138150748,0.00832720913301
194,0.080706431411,0.0143081885179,0.07043527403,0.061312589344,0.0101468017602,0.0381684098123,0.0544039200318,0.00673864980633,0.0869725864424,0.0336764281676,0.0866255915954,0.0654055524921,0.0887291948355,0.0755061037673,0.03836926532,0.0524919295848,0.0582325946932,0.0617922879033,0.00222765282848,0.0137505476563
195,0.00587372870799,0.00524782132187,0.00535753187684,0.00136313089392,0.00308757359185,0.00391927928179,0.00239254924645,0.00915245028943,0.00200209850222,0.618613889374,0.320667713974,0.00224359676292,0.00357445559898,0.00185403333655,0.00169290771716,0.000937568079124,0.00221770910613,0.00563790937615,0.00194634385707,0.00221770910613
196,0.0015565007546,0.000443809761861,0.000562687375722,0.00147705436215,0.120254330717,0.000588148344023,0.00131293721215,0.279062106107,0.00109920324691,0.289835350753,0.112352987665,0.000587152044645,0.00285019535236,0.00252757965841,0.00140981012922,0.00135220581292,0.00115282291786,0.177289807135,0.00206626184193,0.00221904880759
197,0.00686494009761,0.0244850269293,0.00122350073337,0.00486477254043,0.00209614463562,0.00680658201727,0.0254360446698,0.00155779055017,0.0151033467761,0.0180427639764,0.00164783624442,0.00320309742274,0.00664154788171,0.0116834291157,0.8464197959,0.00555130171485,0.00483661316878,0.006615680118,0.00253400595995,0.00438577954804
198,0.0734952612466,0.056752471202,0.0291087567561,0.044611653872,0.0231623707014,0.0366321467212,0.0579098003932,0.0544480862846,0.0601417861394,0.0404957304441,0.0485129868356,0.0567183856191,0.0145381844638,0.0696431775344,0.0673021964582,0.0692703960953,0.0683100770169,0.0592935654214,0.0200629108789,0.0495900559158
199,0.0755729060108,0.0525076808052,0.0070813802028,0.0725093180317,0.0177427914765,0.048102456054,0.0553081793525,0.0597263837718,0.0773396601778,0.00546214035415,0.0627639388345,0.0538937291587,0.0483458499162,0.0546137171195,0.0679576002557,0.0591237779832,0.0687680001087,0.0801440293698,0.00405617292216,0.0289802880944
200,0.0889023329853,0.11465670554,0.000386777121486,0.000383553978503,0.00143832742029,0.000592615589456,0.000721041422621,0.156275946859,0.00363366927713,0.159213002649,0.165695318784,0.00167369009103,0.0005697088421,0.00104605630606,0.00200669071379,0.00433071888641,0.145129730878,0.151936866333,0.000613686366091,0.000793559956465
201,0.0105976499318,0.00729604458994,0.0154259228693,0.0144779611372,0.00308518457625,0.0450037967406,0.018728491729,0.00237321890102,0.0822715886484,0.0102382421375,0.00744699725104,0.0127037011777,0.668679220517,0.0239958800057,0.0193492789873,0.0276020024145,0.0199146135196,0.00395054121944,0.00266620889222,0.00419345475444
202,0.0548492737671,0.0428198307794,0.0476392482489,0.0486095398175,0.0420344888509,0.0485509566477,0.0498588889682,0.0409787363134,0.0743756153085,0.0443808981221,0.0613314606271,0.0539351191722,0.0536980080501,0.0475646045797,0.0503119252718,0.0519865265977,0.0451791083691,0.0530626524913,0.0373317869491,0.0515013310681
203,0.0458897599471,0.0212239689137,0.107632161719,0.081704634185,0.00321396633856,0.109031782422,0.0938878445728,0.00082524812615,0.079548128181,0.00169911025026,0.00793376475245,0.0932050238398,0.00287253600457,0.0759664771259,0.0706168697969,0.0960354380923,0.0986259173794,0.000675937235027,0.00190226686825,0.00750916424998
204,0.0017471804262,0.00296423345572,0.000971471469499,0.00157553805566,0.162098462135,0.00152929448238,0.00225022101674,0.00357541560758,0.00080003532727,0.000601066403199,0.00159455316761,0.00306916207176,0.000162025374379,0.00190035788688,0.00171845425834,0.000243892625905,0.001790344542,0.000878291394624,0.798302537291,0.012227463008
205,0.0536125065165,0.00797165182716,0.00127357750925,0.000377604559811,0.21474983659,0.00238355038106,0.044003518012,0.0314498044225,0.0255092858281,0.00729769447133,0.140397281618,0.00286979465271,0.000360268338817,0.00557602588321,0.0145469952168,0.0173212606115,0.0195534164513,0.03931869319,0.140418940887,0.231008293033
206,0.00347385294721,0.219186807059,0.000540302754044,0.000961649965239,0.00335828897915,0.00066679386638,0.00043408224372,0.391343197606,0.000465809185404,0.0283225981991,0.133030651884,0.00070385825624,0.000774632955223,0.000525125710608,0.000754547070374,0.000475283270951,0.00114507902156,0.211043792309,0.00144332346157,0.00135032325557
207,0.376643100015,0.223201283528,0.00034838384635,0.000840545152148,0.00118731714388,0.346494349505,0.00109712040061,0.011076107947,0.00113150309105,0.00351574174494,0.0157381793334,0.000441286205481,0.000393069660562,0.000843222048088,0.000636470489031,0.00703547617536,0.000475780274671,0.00620844040542,0.00216518932237,0.000527433711441
208,0.0214338559923,0.0118803753084,0.821280852068,0.0184035522058,0.00149079054437,0.0099389528308,0.00751694385558,0.00896979855055,0.00953041096606,0.00780267563959,0.00193370657309,0.0117481795547,0.00574403613708,0.0174033591802,0.00345811888418,0.014781861898,0.0135359460112,0.00665741805505,0.00145423164687,0.00503493409827
209,0.00235805209489,0.00156064317499,0.00219764039075,0.0045077181911,0.00264797653594,0.000407895375406,0.000912579482775,0.00273773845009,0.955214671759,0.000406867930984,0.00196983620072,0.00246605448375,0.00141009662603,0.00141689972317,0.0125647287516,0.000437149035422,0.00175572357006,0.00171380974688,0.00100639606599,0.00230752240991
210,0.0510533770217,0.00198540910681,0.000410941008682,0.000310982384751,0.000617413807533,0.210485454069,0.000757903177072,0.000518728814044,0.00175791431464,0.00103887685933,0.00111515269324,0.000403088632323,0.00537832141465,0.00095886235294,0.000318815693851,0.378828787179,0.342445277627,0.000157425162257,0.000946906462587,0.000510362219667
211,0.272679120644,0.0133372190413,0.00147992576711,0.00420480103829,0.000532959870454,0.674398396153,0.000513535364768,0.0020635425613,0.000381458587049,0.00060807019515,0.00369577090185,0.00049766451438,0.000613030658588,0.00218451574766,0.000584955955301,0.0162406342846,0.000208164381175,0.00339862349015,0.000977349818804,0.00140026102499
212,0.381095420524,0.00867919176364,0.00128688127622,0.00178034702858,0.00104464480064,0.282357898588,0.000563180601162,0.00450911134953,0.000851748758181,0.012578851789,0.0127401246464,0.00736546794974,0.00809770745591,0.00785794762935,0.00479432034357,0.208979847564,0.0396174701207,0.0140702693744,0.00142071693093,0.000308851506498
213,0.379982022719,0.0015525028827,0.00448725274857,0.00116625216576,0.00133378009937,0.513334971739,0.00294407558868,0.00131203368513,0.0022353166512,0.00262406737229,0.00211766840566,0.0360003628649,0.00157558214736,0.00105883420201,0.00140493228712,0.0291066763803,0.0151809541728,0.000442150545595,0.000745105549918,0.00139545779266
214,0.0515108963034,0.0519729942285,0.0495741375889,0.0516030085805,0.0475498487441,0.0525538230909,0.0566240692969,0.0291683099853,0.0549618443382,0.0546263923639,0.0519136829914,0.0517616795522,0.0506671902076,0.0582917455898,0.0522052228257,0.050142919529,0.0466318162268,0.0350624532698,0.048872021118,0.0543059441688
215,0.0482708999054,0.0551024019396,0.00354593288543,0.0310568903953,0.0747575593623,0.05259973127,0.0734928784348,0.0199484645071,0.0455553877319,0.0516250315841,0.0459419183219,0.071977512624,0.0360676511402,0.0605660138273,0.0635932738295,0.0534176742498,0.0396348085158,0.0430622309053,0.0566480380858,0.0731357004844
216,0.010460784293,0.00442949982437,0.00128685774528,0.00550582688092,0.00972953717554,0.890550270304,0.00396983474803,0.00255031808026,0.00280534988726,0.0024936443468,0.00391444170492,0.0263001551689,0.00212526506711,0.00187858251499,0.00674633240316,0.0132921815005,0.00323383272651,0.00243238429572,0.00389031571746,0.00240458561561
217,0.245793827479,0.0854897010563,0.00262138963219,0.0867942105714,0.00157650005569,0.2298311872,0.00635637711558,0.00221019125606,0.00331528688366,0.000555269724192,0.00163361962645,0.0232070081849,0.000638759467873,0.00786416888353,0.000354093468058,0.265054784103,0.0336248757662,0.00118031156215,0.000395507908898,0.00150293005514
218,0.00807318235981,0.025794165593,0.00347921303361,0.0043601066818,0.00177311005078,0.0196099398969,0.0202855810806,0.00370541573653,0.0377116690214,0.00723339874688,0.00681965404101,0.013906745489,0.0096364676675,0.0183913010544,0.753639138744,0.0336463654408,0.0224129079555,0.00585614328932,0.0025091179976,0.00115637611997
219,0.341685673093,0.0131051099262,0.00138993589976,0.000686644981363,0.00110259338392,0.495821221771,0.00114669711849,0.0024397811028,0.00203857265407,0.000482312141937,0.00175739021994,0.00164992390993,0.00150682932704,0.00158165119635,0.00235990052115,0.127301425307,0.00166187988086,0.000591080988816,0.000527217066324,0.00116415950981
220,0.00309024153244,0.0554228099819,0.00237926204767,0.00202677878201,0.00912050452377,0.000488598455828,0.00214600105972,0.318157134201,0.00110925054838,0.279236876937,0.0212811772077,0.000707625350636,0.000672479594973,0.00266941595616,0.000413177217961,0.0014289378435,0.00528968271578,0.278188529664,0.00560002251489,0.0105714938649
221,0.0498536317973,0.115178830054,0.00136778751053,0.000686143405656,0.00225500103116,0.00122476907998,0.000467685191411,0.224834367964,0.000449542231236,0.1702336119,0.151916536261,0.000268798447979,0.000347067546604,0.000384847961782,0.000690687402274,0.00160642105538,0.0387279900279,0.238966308537,0.000312256879125,0.000227715715445
222,0.278290164852,0.240102019571,0.000404811876096,0.000637484121871,0.00249690120565,0.222102093446,0.000397730618945,0.00115611527175,0.00128699624579,0.00144276665048,0.00184353516487,0.000573200009674,0.000460883791565,0.0011464000176,0.00087674551527,0.230986576456,0.00860544428302,0.00280198412919,0.00324813338323,0.0011400133892
223,0.104022212527,0.102364576701,0.000523216285023,0.00165396883423,0.0900618195408,0.00545289120571,0.00113742670836,0.104149404924,0.000200380704825,0.113826105218,0.101891861095,0.00305445182549,0.000283671480224,0.0041018698362,0.000411098510153,0.0766438086379,0.0949998253501,0.101196735506,0.0025295993959,0.0914950757152
224,0.00527981049744,0.0143639957233,0.000783758536605,0.00161933581811,0.00321966534558,0.000488871341778,0.000535354191328,0.257294468862,0.00125602329492,0.217959516656,0.276220456165,0.0014198524205,0.00175993683134,0.001187512933,0.000748575488086,0.00081100841815,0.0144798157327,0.191118623645,0.00848341991049,0.000969998188364
225,0.00611438761029,0.00363327370337,0.0025520464665,0.0107622098141,0.00268126400858,0.931491783783,0.00601760956731,0.00234055090206,0.00184191179747,0.00103410833254,0.00235355396389,0.00306985299849,0.00140877814483,0.001388982668,0.00733257833921,0.00394345477515,0.00113424287429,0.000691656674997,0.00244878447125,0.00775896910462
226,0.0696596610632,0.0105506094229,0.0323283406735,0.0487405873118,0.00151045049213,0.00344681699812,0.0234010206055,0.00390907371357,0.160593253997,0.0050956808423,0.065587808961,0.0776274673113,0.13850023906,0.11439193833,0.122019702845,0.0641458988376,0.0448819574857,0.00905767836592,0.000548828284343,0.00400298539912
227,0.0533167626726,0.0562687807369,0.0527329206523,0.0536467110683,0.0511261359729,0.0498336641206,0.0470341079633,0.0400599991481,0.0526400652241,0.0470005202006,0.0552376364934,0.0590076322916,0.0308151899914,0.0532723846537,0.0517242182714,0.0535324131059,0.0493813193123,0.0474463284246,0.0483364094432,0.0475868002529
228,0.0593292447557,0.0398761297023,0.0598223015847,0.0678285146818,0.0384663269764,0.066227994177,0.0604226652214,0.0171497253361,0.0709682712103,0.0522995515458,0.0613779642543,0.0606642670694,0.0337220964288,0.0556535945723,0.0619408189284,0.0641041429106,0.0498407529834,0.0191459291705,0.0176084323812,0.0435512761095
229,0.0530439084126,0.0518896397445,0.063836022116,0.0514602075545,0.0518475556618,0.0498598241564,0.0459469058509,0.0574855241406,0.0566750040089,0.0601419403435,0.0554048493734,0.0555185801137,0.00155447765824,0.0509276796584,0.0508519193477,0.0495293328904,0.0547680985818,0.051570898678,0.0412423738348,0.0464452578741
230,0.0791258017788,0.047638099671,0.0312195402168,0.0265754394508,0.0450658421037,0.0459108258241,0.055875819113,0.0535505096857,0.0477383570904,0.0563341898098,0.0877120415801,0.0413499624722,0.0827229163328,0.0480964043134,0.0445679930511,0.055984105524,0.0363447686505,0.0465574182901,0.0126204376546,0.0550095273873
231,0.0567197048718,0.0568393028347,0.0591911833439,0.0599108166345,0.0225234335941,0.0585149455749,0.0514392190403,0.03973818785,0.0534020502909,0.0507230958353,0.0483402445817,0.0682411332616,0.0118155690469,0.0596776563722,0.0605424799233,0.0600182006947,0.0619949362042,0.0546490513464,0.0428476469026,0.0228711417958
232,0.00424589929767,0.00357760982499,0.00140936144482,0.00102442571975,0.00271452885534,0.00208872429637,0.0117909957696,0.00305979787409,0.423154997745,0.0107774698739,0.0109249159024,0.00404425458521,0.000519652823752,0.00801878064695,0.485821340013,0.000964915512813,0.00472651704657,0.0166103313317,0.00186782842178,0.00265765301517
233,0.00810783882178,0.0147248341069,0.00141112993425,0.000229607582841,0.0123153157932,0.00160317720308,0.000724430341407,0.30980085402,0.00043489076621,0.265124377385,0.0751479344085,0.00101095875962,0.000448571104842,0.00030104105315,0.000625431550166,0.000777065814848,0.00131778671091,0.302628089843,0.00138515822006,0.0018815065807
234,0.0315417921474,0.163642959259,0.000790429986173,0.00127443777447,0.00408282585676,0.00101064585121,0.000705603352414,0.319121845985,0.000840980739509,0.130008776294,0.00700940775162,0.00219164677889,0.000582477935178,0.00119544369696,0.000295502936206,0.00306830549272,0.0179348776587,0.311781626627,0.000803603818115,0.00211681005861
235,0.17252381454,0.245416520789,0.00116253583793,0.00159433486335,0.000560821309228,0.00891746618002,0.00169096121687,0.264541488536,0.00195795509381,0.00672985571,0.00276702744614,0.00189158373456,0.000345827393913,0.00103336518796,0.000348760751604,0.00615743119965,0.0303351633525,0.248754656367,0.00114465067029,0.00212577981972
236,0.00232201494489,0.0919306825514,0.000706109807407,0.000412098215208,0.039970684773,0.000857105781527,0.000524977291141,0.260716429351,0.00104090325018,0.227306241824,0.128843512105,0.00118377232246,0.000489175328815,0.000769075013193,0.000363324304279,0.000807657372182,0.00420627297383,0.234053658833,0.00135922826045,0.00213707569748
237,0.00105426232423,0.00342177798312,0.000426725226494,0.000238172219366,0.217541577545,0.00108267766237,0.000847033532478,0.0794298864283,0.000528898872967,0.219894791975,0.217862624745,0.000717550700219,0.000642521634643,0.000831405607991,0.000797717654383,0.00138700292704,0.00366028569523,0.0210870850457,0.000168645898131,0.228379356322
238,0.0836294379364,0.0962121936995,0.0216809562439,0.00468463519584,0.0979838080616,0.000874682355761,0.00464089658487,0.114606128775,0.00848616570879,0.110456400605,0.121224825031,0.00220995075334,0.00299836346212,0.0319301356044,0.00174573933663,0.0806989315929,0.103410261404,0.107007917917,0.000763169660701,0.00475540007123
239,0.06957559087,0.0493358278782,0.00348770680941,0.0487419801253,0.0208186170343,0.00232076428456,0.0874553337036,0.0458922965487,0.0482605915868,0.00931148046042,0.0639571731785,0.0643404781798,0.000428709176105,0.0697777017757,0.0281805255553,0.0831611704679,0.101832575357,0.0884971160812,0.0438580635251,0.0707662974016
240,0.0386190806741,0.0405574591287,0.159002584355,0.101419291242,0.00302105336724,0.237691192329,0.00813236250244,0.00238996291576,0.00626532110793,0.021511511756,0.0453462357143,0.179171480461,0.00279423525073,0.0784800088238,0.00883156389225,0.0508382197679,0.00659830320269,0.00284890507063,0.00458805556805,0.00189317286996
241,0.168955066154,0.0836377819089,0.00394476831958,0.00691658713784,0.00419593333708,0.202590630813,0.00376693442216,0.00427927502144,0.00770269503676,0.00236852896821,0.00817108561023,0.0437043506254,0.00215896326943,0.00291748489846,0.00747086157719,0.226776547246,0.207968276033,0.00538478690883,0.0025238989428,0.00456554376989
242,0.0489994618112,0.0467580737856,0.0586419375287,0.0498951366004,0.0434310804863,0.0516866099022,0.0490480095809,0.0520252096447,0.0534153703594,0.0510587916869,0.0499912736897,0.0518778505799,0.0496652892286,0.0493748071044,0.0484279291037,0.0507134649065,0.0508988474077,0.0502164495942,0.0450156900581,0.0488587169407
243,0.0576313649754,0.0578750811253,0.0496419517123,0.0624718416202,0.0537135190017,0.0563845135271,0.0572574662531,0.0326844355917,0.0368944922435,0.05646389297,0.0666145367065,0.0704330208899,0.0012796547668,0.0495007989757,0.057193225875,0.0551922469065,0.0601735465219,0.0553299427426,0.0124951797132,0.0507692878817
244,0.0585029210889,0.0519119364185,0.0601214735256,0.054374185218,0.0156805849362,0.0643346052069,0.0593900258393,0.0374624874297,0.0597744519927,0.047313002045,0.0479744264416,0.0691917476575,0.0620774280502,0.0606689298242,0.0537445360551,0.0668239625842,0.0665251822847,0.051460779008,0.00182370869294,0.0108436257007
245,0.0395152614584,0.00462536476657,0.00622620921453,0.00562006130333,0.104036938536,0.0189639955552,0.0405364216616,0.114763070903,0.00572930379015,0.11171261856,0.127899035625,0.0263445998759,0.0429049672551,0.049976693086,0.00727660249251,0.0289003883642,0.0484890810809,0.0895113835334,0.0848667650098,0.0421012379291
246,0.0558921693509,0.0359613675846,0.0595489312304,0.0528563458245,0.0502910715572,0.0543365114717,0.0556331558272,0.0469473204089,0.0414613414526,0.0484649463458,0.0464396745226,0.0532476102309,0.0480854729858,0.05072036022,0.0470114737821,0.0546634696636,0.0559399051009,0.049928263693,0.0433470983618,0.0492235103855
247,0.0751811078111,0.0427283623425,0.0803742789551,0.0687176583452,0.041187010822,0.0282176165062,0.0571201266688,0.0603148238577,0.0690372753233,0.0526630497612,0.0380115950429,0.0558389727152,0.000972747438476,0.0456038911975,0.0342893471804,0.061573786126,0.0669542540511,0.0525283616991,0.0212614797363,0.0474242544197
248,0.0743225438852,0.083301948709,0.00465845536997,0.00219667001123,0.0015920310442,0.0168821101325,0.00777956887525,0.0754585834479,0.0909464457317,0.10247454015,0.101489433213,0.073229176975,0.00219667001123,0.0799154738893,0.102242067518,0.0424418819553,0.0702292680531,0.0662667601665,0.00158169318034,0.000794677681637
249,0.0109899615587,0.00594809013913,0.275858118224,0.0109247432053,0.00251893565228,0.0103142217041,0.00496005052412,0.00198984414409,0.00154530449302,0.001385614841,0.00221768889275,0.331598199164,0.00097907159817,0.00411664112519,0.00180669928351,0.18389518722,0.143088678358,0.0031201136131,0.00165066616509,0.00109217009374
250,0.0561022760855,0.0444479795318,0.0430242815662,0.0667255347625,0.0442181451603,0.0504001078829,0.0519684441636,0.049284495364,0.0549225027237,0.0522986268334,0.0496186925062,0.0524448632186,0.00037818431354,0.0652971457697,0.0629229321392,0.0574803301682,0.0587169234486,0.0512160269192,0.0412127505162,0.0473197569266
251,0.0643352734254,0.0567505965441,0.00079919594201,0.0628036435521,0.0440203582918,0.0349928856883,0.0614796097442,0.0574629996525,0.057665061037,0.0623548909517,0.0592204193058,0.0441003123084,0.00103987255951,0.0631478465642,0.0516383852244,0.0568975182837,0.0529669810282,0.0599301552927,0.0617725722551,0.046621422349
252,0.00121793291795,0.00217263843738,0.000378137158703,0.00060167680516,0.28969755018,0.000450546401786,0.00109176442713,0.197954802574,0.000588667576309,0.165695223285,0.141292905081,0.00198006366618,0.000333913496035,0.0012712471012,0.000581483227917,0.000583620051549,0.00133011910555,0.185372455009,0.00116599038356,0.00623926311552
253,0.0875076761581,0.05499269354,0.00149569169065,0.0188770087413,0.0722565059534,0.0487476933965,0.0793985263511,0.00374509928771,0.0824438407873,0.0332799142749,0.0723667370172,0.0287611390614,0.000281201115351,0.0723015025754,0.0832181413863,0.0749719655462,0.0285867124336,0.064593096416,0.0182556342004,0.0739192200671
254,0.0605204406409,0.0278372718343,0.0576765965904,0.0768424328721,0.0166306667987,0.0559184159666,0.0424823239562,0.085962082564,0.0592456726181,0.0688427664894,0.0466848753323,0.0730266700067,0.000313501337779,0.0689238445724,0.0600627369603,0.0609686792914,0.0563802797447,0.0544751412986,0.00374794576188,0.0234576553633
255,0.0021421483379,0.00136911219942,0.0011087880489,0.000904873005215,0.00082433457013,0.000118963281204,0.00155376219834,0.385901722641,0.00215682058697,0.153550677589,0.181879473872,0.00174942114405,0.00086165519,0.000706044407276,0.00094733996972,0.00105669733526,0.00215682058697,0.258345519074,0.000594143029366,0.00207168293298
256,0.282732388842,0.0419375518645,0.00103389958406,0.00348023029842,0.00593368456682,0.398634401243,0.000747514254302,0.00891635001617,0.00176911706852,0.00854265433363,0.0150840507742,0.00294852844334,0.000632832018769,0.00125370500779,0.00127037661767,0.204909907187,0.00864190410025,0.00564862212281,0.00138452640117,0.00449775525466
257,0.0511851297517,0.0292136786376,0.055076943563,0.0614100425841,0.0486936931371,0.049463498528,0.0571963051533,0.0495772439857,0.0586953448479,0.0519997052032,0.0645737995958,0.0558552369519,0.000165728646513,0.0494673127545,0.0585544586991,0.0567798100796,0.0519936951559,0.0535258605801,0.0493694423321,0.047203069813
258,0.0588904368259,0.04976361847,0.0427366946421,0.0625173782137,0.0365505119004,0.0145886642298,0.0584910381616,0.0667204387837,0.0732352289761,0.0452776344385,0.0557267300007,0.0839333282512,0.000439379336557,0.0593824629914,0.0544428517521,0.0619050843594,0.0583616888354,0.0579658087705,0.00939173331025,0.0496792877506
259,0.127435420141,0.0790044632953,0.000576932188624,0.000260621876915,0.0624153693884,0.00123889609517,0.000222775795482,0.166205455201,0.000642867296374,0.158290000006,0.153362422185,0.00150002369052,0.000862513622667,0.00376399996841,0.000607775496965,0.00532428195513,0.0843154111485,0.153104195259,0.000299339539431,0.000567235850163
260,0.0601906889576,0.0543528816733,0.000383872221848,0.000313457790775,0.124965172608,0.000667084616197,0.00301480135224,0.166590442355,0.00237198656256,0.0970408411626,0.115816507487,0.000735755091926,0.000523634596215,0.00148804400457,0.00332823245595,0.00914784980321,0.0812572911704,0.122926060415,0.0108322934433,0.144053102232
261,0.0631990571678,0.0184205106444,0.0608446997491,0.0608796321043,0.0412070965589,0.0559342126697,0.0686142881953,0.0400007439261,0.0660190017649,0.0586157405641,0.0528437414887,0.0510759253237,0.000277692950767,0.0518042283829,0.0631710329426,0.0620006852289,0.05460206383,0.0439489588727,0.0321258309951,0.05441485664
262,0.0392518923569,0.0566449591816,0.00475206889286,0.0433864942341,0.0650954892088,0.0416209108415,0.0794497650383,0.000138327128679,0.0542900405679,0.0333523923569,0.0630717460799,0.0928935831706,0.000137041744105,0.0623985958898,0.0613813918718,0.0639519490886,0.0672981241803,0.0260925950495,0.0779564227683,0.0668362103495
263,0.000540697706273,0.000729525982621,0.00197579953658,0.00340329107048,0.227307579946,0.00197992437921,0.00783199816843,0.00493949884517,0.000711999833753,0.00416727376772,0.0156252341536,0.0023019023709,0.0016609172982,0.00533465874681,0.00245060407436,0.0020308003811,0.00245877275532,0.00171986695524,0.589926858263,0.122902795765
